Index,Metric,Value
1,Recall@1,0.0
2,Recall@3,0.0
3,Recall@5,0.0
4,Recall@10,0.03333333333333333
5,Mean Rank,276.1
6,Normalised Similarity,0.7264105339105339
7,Margin of Discrimination,9.496676163342848e-05
8,Average Confidence,0.5531820031820031
9,MRR,0.013653971297434418
