Index,Metric,Value
1,Recall@1,0.43333333333333335
2,Recall@3,0.4666666666666667
3,Recall@5,0.5333333333333333
4,Recall@10,0.6333333333333333
5,Mean Rank,26.9
6,Normalised Similarity,0.9285310060310061
7,Margin of Discrimination,0.04301366843033511
8,Average Confidence,0.8362766862766864
9,MRR,0.4870806764098529
