Index,Metric,Value
1,Recall@1,0.3333333333333333
2,Recall@3,0.4
3,Recall@5,0.5
4,Recall@10,0.5333333333333333
5,Mean Rank,64.4
6,Normalised Similarity,0.9145639545639545
7,Margin of Discrimination,0.029666992793927784
8,Average Confidence,0.6373924608978115
9,MRR,0.411506862017727
