Index,Metric,Value
1,Recall@1,0.13333333333333333
2,Recall@3,0.3333333333333333
3,Recall@5,0.36666666666666664
4,Recall@10,0.43333333333333335
5,Mean Rank,39.233333333333334
6,Normalised Similarity,0.9138364413364414
7,Margin of Discrimination,0.014322064703744086
8,Average Confidence,0.7514700577200578
9,MRR,0.2590234204768735
