Index,Metric,Value
1,Recall@1,0.4666666666666667
2,Recall@3,0.6333333333333333
3,Recall@5,0.8
4,Recall@10,0.8
5,Mean Rank,11.533333333333333
6,Normalised Similarity,0.9626563251563253
7,Margin of Discrimination,0.038825156325156325
8,Average Confidence,0.8743034743034743
9,MRR,0.5785860948437307
