{"res_text_modified.json": {"recall1": 1.0, "recall3": 1.0, "recall5": 1.0, "recall10": 1.0, "mean_rank": 1.0, "norm_sim": 1.0, "margin": 0.2857997388965544, "avg_confidence": 0.9775480316037592, "mrr": 1.0}, "res_text_modified_processed.json": {"recall1": 0.47368421052631576, "recall3": 0.6052631578947368, "recall5": 0.631578947368421, "recall10": 0.6578947368421053, "mean_rank": 194.8421052631579, "norm_sim": 0.847894583871038, "margin": 0.10074876763710884, "avg_confidence": 0.6769348864453817, "mrr": 0.5426692653263735}, "res_text_skyline.json": {"recall1": 1.0, "recall3": 1.0, "recall5": 1.0, "recall10": 1.0, "mean_rank": 1.0, "norm_sim": 1.0, "margin": 0.2909358816634688, "avg_confidence": 1.0, "mrr": 1.0}, "res_text_skyline_processed.json": {"recall1": 0.5263157894736842, "recall3": 0.6578947368421053, "recall5": 0.6842105263157895, "recall10": 0.6842105263157895, "mean_rank": 146.8421052631579, "norm_sim": 0.880408812983768, "margin": 0.12366704243351771, "avg_confidence": 0.717501670903259, "mrr": 0.5926415698919708}, "res_time_modified.json": {"recall1": 0.9473684210526315, "recall3": 0.9736842105263158, "recall5": 0.9736842105263158, "recall10": 1.0, "mean_rank": 1.1842105263157894, "norm_sim": 0.9993012555899554, "margin": 0.1910369472477932, "avg_confidence": 0.776451875636583, "mrr": 0.9642857142857142}, "res_time_modified_processed.json": {"recall1": 0.05263157894736842, "recall3": 0.07894736842105263, "recall5": 0.15789473684210525, "recall10": 0.23684210526315788, "mean_rank": 363.60526315789474, "norm_sim": 0.7210134921041184, "margin": 0.00037429731761715474, "avg_confidence": 0.43190657814231875, "mrr": 0.10282098790228182}, "res_time_skyline.json": {"recall1": 0.8421052631578947, "recall3": 0.9473684210526315, "recall5": 0.9736842105263158, "recall10": 0.9736842105263158, "mean_rank": 11.078947368421053, "norm_sim": 0.9864343235915901, "margin": 0.202716185072259, "avg_confidence": 0.7840195143720831, "mrr": 0.9000699888017918}, "res_time_skyline_processed.json": {"recall1": 0.05263157894736842, "recall3": 0.15789473684210525, "recall5": 0.21052631578947367, "recall10": 0.23684210526315788, "mean_rank": 329.0263157894737, "norm_sim": 0.7535655106422404, "margin": 0.00026597898601993356, "avg_confidence": 0.4318459358073696, "mrr": 0.13353855096369394}}