Index,Metric,Value
1,Recall@1,0.23333333333333334
2,Recall@3,0.3333333333333333
3,Recall@5,0.3333333333333333
4,Recall@10,0.4666666666666667
5,Mean Rank,60.06666666666667
6,Normalised Similarity,0.8806132756132757
7,Margin of Discrimination,0.025803270803270797
8,Average Confidence,0.723869648869649
9,MRR,0.31274562874013434
