Index,Metric,Value
1,Recall@1,0.06666666666666667
2,Recall@3,0.1
3,Recall@5,0.13333333333333333
4,Recall@10,0.13333333333333333
5,Mean Rank,116.03333333333333
6,Normalised Similarity,0.8045288045288046
7,Margin of Discrimination,0.0037373737373737385
8,Average Confidence,0.6707140544640545
9,MRR,0.1173299198326196
