Index,Metric,Value
1,Recall@1,0.1
2,Recall@3,0.13333333333333333
3,Recall@5,0.16666666666666666
4,Recall@10,0.23333333333333334
5,Mean Rank,115.93333333333334
6,Normalised Similarity,0.856420829342656
7,Margin of Discrimination,0.005555555555555554
8,Average Confidence,0.5672424084057209
9,MRR,0.15279766454124047
