Index,Metric,Value
1,Recall@1,0.5666666666666667
2,Recall@3,0.7
3,Recall@5,0.7666666666666667
4,Recall@10,0.8
5,Mean Rank,18.433333333333334
6,Normalised Similarity,0.9501480001480002
7,Margin of Discrimination,0.06446183446183446
8,Average Confidence,0.8420829170829172
9,MRR,0.6512192532392767
