Index,Metric,Value
1,Recall@1,0.8333333333333334
2,Recall@3,0.9666666666666667
3,Recall@5,1.0
4,Recall@10,1.0
5,Mean Rank,1.2666666666666666
6,Normalised Similarity,1.0
7,Margin of Discrimination,0.09026186776186777
8,Average Confidence,1.0
9,MRR,0.9027777777777779
