Index,Metric,Value
1,Recall@1,0.6333333333333333
2,Recall@3,0.8666666666666667
3,Recall@5,0.8666666666666667
4,Recall@10,0.8666666666666667
5,Mean Rank,20.166666666666668
6,Normalised Similarity,0.9731457431457431
7,Margin of Discrimination,0.10387105505720055
8,Average Confidence,0.7528645707805439
9,MRR,0.7445774569595325
