Index,Pitch,Extra,Deleted,Margin of Error
1,0.0,0.0,0.0,0.11502923002923
2,0.05,0.0,0.0,0.0702561327561327
3,0.1,0.0,0.0,0.0644327894327894
4,0.2,0.0,0.0,0.0592229529729529
5,0.3,0.0,0.0,0.0223280423280423
