Index,Pitch,Extra,Deleted,Mean Rank
1,0.3,0.0,0.0,59.36666666666667
2,0.2,0.0,0.0,47.43333333333333
3,0.1,0.0,0.0,13.6
4,0.05,0.0,0.0,3.2666666666666666
5,0.0,0.0,0.0,1.0
