Index,Pitch,Extra,Deleted,Recall@10
1,0.0,0.0,0.0,1.0
2,0.05,0.0,0.0,0.9
3,0.1,0.0,0.0,0.8666666666666667
4,0.2,0.0,0.0,0.6333333333333333
5,0.3,0.0,0.0,0.4
