Index,Pitch,Extra,Deleted,Recall@1
1,0.0,0.0,0.0,1.0
2,0.05,0.0,0.0,0.7
3,0.1,0.0,0.0,0.6666666666666666
4,0.2,0.0,0.0,0.4
5,0.3,0.0,0.0,0.1666666666666666
