Index,Pitch,Extra,Deleted,Recall@3
1,0.0,0.0,0.0,1.0
2,0.05,0.0,0.0,0.8
3,0.1,0.0,0.0,0.7333333333333333
4,0.2,0.0,0.0,0.5333333333333333
5,0.3,0.0,0.0,0.3
