Index,Metric,Value
1,Recall@1,0.03333333333333333
2,Recall@3,0.13333333333333333
3,Recall@5,0.13333333333333333
4,Recall@10,0.26666666666666666
5,Mean Rank,88.83333333333333
6,Normalised Similarity,0.840982165982166
7,Margin of Discrimination,0.004988662131519272
8,Average Confidence,0.6952751877751877
9,MRR,0.10409844400104856
