Index,Metric,Value
1,Recall@1,0.36666666666666664
2,Recall@3,0.4666666666666667
3,Recall@5,0.5333333333333333
4,Recall@10,0.5666666666666667
5,Mean Rank,54.46666666666667
6,Normalised Similarity,0.9242541363864893
7,Margin of Discrimination,0.03614115051615051
8,Average Confidence,0.6425666664963341
9,MRR,0.4437015627135399
