Index,Metric,Value
1,Recall@1,0.4666666666666667
2,Recall@3,0.5666666666666667
3,Recall@5,0.6333333333333333
4,Recall@10,0.7333333333333333
5,Mean Rank,29.5
6,Normalised Similarity,0.9462573957963983
7,Margin of Discrimination,0.0508885137427421
8,Average Confidence,0.7108980805539105
9,MRR,0.5490491461002368
