Index,Metric,Value
1,Recall@1,0.1
2,Recall@3,0.16666666666666666
3,Recall@5,0.16666666666666666
4,Recall@10,0.23333333333333334
5,Mean Rank,64.46666666666667
6,Normalised Similarity,0.84493487993488
7,Margin of Discrimination,0.008099400599400602
8,Average Confidence,0.695302845302845
9,MRR,0.1569567679420355
