Index,Metric,Value
1,Recall@1,0.06666666666666667
2,Recall@3,0.16666666666666666
3,Recall@5,0.2
4,Recall@10,0.2
5,Mean Rank,75.4
6,Normalised Similarity,0.8376706164206166
7,Margin of Discrimination,0.0112962962962963
8,Average Confidence,0.7012933825433828
9,MRR,0.1392605890780799
