Index,Metric,Value
1,Recall@1,0.13333333333333333
2,Recall@3,0.16666666666666666
3,Recall@5,0.23333333333333334
4,Recall@10,0.3
5,Mean Rank,105.36666666666666
6,Normalised Similarity,0.8525958300958301
7,Margin of Discrimination,0.0047619047619047615
8,Average Confidence,0.6908110408110409
9,MRR,0.18690898217903942
