{"0": {"0": 0.9459459459459459, "1": 0.5675675675675675, "2": 0.45945945945945943, "3": 0.6216216216216216, "4": 0.3783783783783784, "5": 0.43243243243243246, "6": 0.3783783783783784, "7": 0.5675675675675675, "8": 0.6486486486486487, "9": 0.5945945945945945, "10": 0.5675675675675675, "11": 0.5135135135135135, "12": 0.21621621621621623, "13": 0.4054054054054054, "14": 0.5135135135135135, "15": 0.43243243243243246, "16": 0.5675675675675675, "17": 0.5675675675675675, "18": 0.5675675675675675, "19": 0.21621621621621623, "20": 0.5675675675675675, "21": 0.5135135135135135, "22": 0.6486486486486487, "23": 0.7027027027027026, "24": 0.5945945945945945, "25": 0.32432432432432434, "26": 0.2702702702702703, "27": 0.6756756756756757}, "1": {"0": 0.6578947368421053, "1": 0.8421052631578947, "2": 0.4736842105263158, "3": 0.736842105263158, "4": 0.39473684210526316, "5": 0.5263157894736843, "6": 0.42105263157894735, "7": 0.5526315789473684, "8": 0.6842105263157895, "9": 0.5, "10": 0.5526315789473684, "11": 0.5, "12": 0.1842105263157895, "13": 0.4473684210526315, "14": 0.5789473684210527, "15": 0.42105263157894735, "16": 0.5263157894736843, "17": 0.5263157894736843, "18": 0.5526315789473684, "19": 0.21052631578947367, "20": 0.5789473684210527, "21": 0.5, "22": 0.6578947368421053, "23": 0.6842105263157895, "24": 0.5, "25": 0.3421052631578947, "26": 0.26315789473684215, "27": 0.631578947368421}, "2": {"0": 0.40740740740740744, "1": 0.4814814814814815, "2": 0.8518518518518519, "3": 0.4814814814814815, "4": 0.4444444444444444, "5": 0.6666666666666667, "6": 0.37037037037037035, "7": 0.5925925925925926, "8": 0.4814814814814815, "9": 0.2962962962962963, "10": 0.5925925925925926, "11": 0.4814814814814815, "12": 0.37037037037037035, "13": 0.5925925925925926, "14": 0.7037037037037037, "15": 0.2962962962962963, "16": 0.2962962962962963, "17": 0.2962962962962963, "18": 0.4444444444444444, "19": 0.37037037037037035, "20": 0.5185185185185186, "21": 0.4444444444444444, "22": 0.5555555555555556, "23": 0.4814814814814815, "24": 0.33333333333333337, "25": 0.2592592592592593, "26": 0.37037037037037035, "27": 0.4444444444444444}, "3": {"0": 0.6764705882352942, "1": 0.5588235294117647, "2": 0.38235294117647056, "3": 0.9117647058823529, "4": 0.32352941176470584, "5": 0.4411764705882353, "6": 0.4411764705882353, "7": 0.5, "8": 0.6176470588235294, "9": 0.5294117647058824, "10": 0.5, "11": 0.5294117647058824, "12": 0.17647058823529416, "13": 0.4117647058823529, "14": 0.5, "15": 0.4411764705882353, "16": 0.5294117647058824, "17": 0.5294117647058824, "18": 0.6176470588235294, "19": 0.20588235294117652, "20": 0.5588235294117647, "21": 0.47058823529411764, "22": 0.5882352941176471, "23": 0.6176470588235294, "24": 0.5588235294117647, "25": 0.32352941176470584, "26": 0.23529411764705888, "27": 0.6764705882352942}, "4": {"0": 0.31818181818181823, "1": 0.40909090909090906, "2": 0.36363636363636365, "3": 0.31818181818181823, "4": 0.9090909090909091, "5": 0.36363636363636365, "6": 0.36363636363636365, "7": 0.40909090909090906, "8": 0.31818181818181823, "9": 0.4545454545454546, "10": 0.36363636363636365, "11": 0.31818181818181823, "12": 0.4545454545454546, "13": 0.31818181818181823, "14": 0.31818181818181823, "15": 0.31818181818181823, "16": 0.36363636363636365, "17": 0.36363636363636365, "18": 0.36363636363636365, "19": 0.36363636363636365, "20": 0.40909090909090906, "21": 0.31818181818181823, "22": 0.36363636363636365, "23": 0.31818181818181823, "24": 0.40909090909090906, "25": 0.4545454545454546, "26": 0.36363636363636365, "27": 0.31818181818181823}}