Index,Metric,Value
1,Recall@1,0.06666666666666667
2,Recall@3,0.16666666666666666
3,Recall@5,0.16666666666666666
4,Recall@10,0.23333333333333334
5,Mean Rank,148.56666666666666
6,Normalised Similarity,0.7949184149184151
7,Margin of Discrimination,0.004761904761904761
8,Average Confidence,0.6338490213490213
9,MRR,0.12235757305155694
