Index,Metric,Value
1,Recall@1,0.06666666666666667
2,Recall@3,0.16666666666666666
3,Recall@5,0.23333333333333334
4,Recall@10,0.26666666666666666
5,Mean Rank,115.03333333333333
6,Normalised Similarity,0.8480098605098606
7,Margin of Discrimination,0.00025252525252525236
8,Average Confidence,0.6871944721944723
9,MRR,0.15590301119105196
