Index,Metric,Value
1,Recall@1,0.0
2,Recall@3,0.0
3,Recall@5,0.03333333333333333
4,Recall@10,0.03333333333333333
5,Mean Rank,429.3333333333333
6,Normalised Similarity,0.6555026455026456
7,Margin of Discrimination,0.0
8,Average Confidence,0.48423474673474676
9,MRR,0.016527135782016537
