Index,Metric,Value
1,Recall@1,0.06666666666666667
2,Recall@3,0.16666666666666666
3,Recall@5,0.16666666666666666
4,Recall@10,0.26666666666666666
5,Mean Rank,95.96666666666667
6,Normalised Similarity,0.827710437710438
7,Margin of Discrimination,0.005092592592592594
8,Average Confidence,0.6776830114330115
9,MRR,0.13427762519178155
