Index,Metric,Value
1,Recall@1,0.0
2,Recall@3,0.0
3,Recall@5,0.0
4,Recall@10,0.03333333333333333
5,Mean Rank,378.96666666666664
6,Normalised Similarity,0.683931808931809
7,Margin of Discrimination,0.0
8,Average Confidence,0.5083364783364783
9,MRR,0.013509491043572738
