Index,Metric,Value
1,Recall@1,0.9666666666666667
2,Recall@3,0.9666666666666667
3,Recall@5,0.9666666666666667
4,Recall@10,1.0
5,Mean Rank,1.2
6,Normalised Similarity,0.9984848484848484
7,Margin of Discrimination,0.16259366838771874
8,Average Confidence,0.8827028827923641
9,MRR,0.9714285714285714
