{"0": {"0": 0.5833333333333333, "1": 0.5416666666666667, "2": 0.5416666666666667}, "1": {"0": 0.38095238095238093, "1": 0.5238095238095238, "2": 0.33333333333333337}}