Index,Metric,Value
1,Recall@1,0.1
2,Recall@3,0.13333333333333333
3,Recall@5,0.16666666666666666
4,Recall@10,0.3
5,Mean Rank,124.13333333333334
6,Normalised Similarity,0.8462830687830688
7,Margin of Discrimination,0.006039361872695209
8,Average Confidence,0.6611710511710511
9,MRR,0.15018173692089226
