Index,Metric,Value
1,Recall@1,0.6
2,Recall@3,0.8666666666666667
3,Recall@5,0.8666666666666667
4,Recall@10,0.9333333333333333
5,Mean Rank,3.7333333333333334
6,Normalised Similarity,0.9853479853479853
7,Margin of Discrimination,0.07129165587498922
8,Average Confidence,0.9047223147223147
9,MRR,0.7284361471861472
