Index,Metric,Value
1,Recall@1,0.7
2,Recall@3,0.8666666666666667
3,Recall@5,0.9333333333333333
4,Recall@10,0.9333333333333333
5,Mean Rank,5.033333333333333
6,Normalised Similarity,0.9786075036075037
7,Margin of Discrimination,0.10485966504542356
8,Average Confidence,0.801018220762186
9,MRR,0.7942467948717948
