Index,Metric,Value
1,Recall@1,0.1
2,Recall@3,0.1
3,Recall@5,0.16666666666666666
4,Recall@10,0.26666666666666666
5,Mean Rank,114.3
6,Normalised Similarity,0.8377289377289379
7,Margin of Discrimination,0.00654761904761905
8,Average Confidence,0.6508259333259334
9,MRR,0.14379426703797762
