Index,Metric,Value
1,Recall@1,0.2
2,Recall@3,0.4666666666666667
3,Recall@5,0.5333333333333333
4,Recall@10,0.6333333333333333
5,Mean Rank,38.86666666666667
6,Normalised Similarity,0.9242649558467638
7,Margin of Discrimination,0.029892524629366746
8,Average Confidence,0.6770659643845621
9,MRR,0.3530577157764016
