Index,Metric,Value
1,Recall@1,0.3333333333333333
2,Recall@3,0.4666666666666667
3,Recall@5,0.5333333333333333
4,Recall@10,0.6666666666666666
5,Mean Rank,34.9
6,Normalised Similarity,0.9026656676656678
7,Margin of Discrimination,0.05063492063492063
8,Average Confidence,0.7779077404077406
9,MRR,0.4266944859281508
