Index,Metric,Value
1,Recall@1,0.03333333333333333
2,Recall@3,0.1
3,Recall@5,0.1
4,Recall@10,0.16666666666666666
5,Mean Rank,157.76666666666668
6,Normalised Similarity,0.8122679172679172
7,Margin of Discrimination,0.005992063492063492
8,Average Confidence,0.6355672568172568
9,MRR,0.09487586560225103
