Index,Metric,Value
1,Recall@1,0.43333333333333335
2,Recall@3,0.4666666666666667
3,Recall@5,0.5333333333333333
4,Recall@10,0.6666666666666666
5,Mean Rank,35.233333333333334
6,Normalised Similarity,0.9285309218358753
7,Margin of Discrimination,0.04611850722377039
8,Average Confidence,0.6782733475581911
9,MRR,0.49268782850494686
