Index,Metric,Value
1,Recall@1,0.2
2,Recall@3,0.23333333333333334
3,Recall@5,0.3
4,Recall@10,0.4
5,Mean Rank,50.733333333333334
6,Normalised Similarity,0.8687463462463463
7,Margin of Discrimination,0.021626984126984123
8,Average Confidence,0.7478095978095978
9,MRR,0.2626408009578738
