Index,Metric,Value
1,Recall@1,0.4
2,Recall@3,0.5666666666666667
3,Recall@5,0.6333333333333333
4,Recall@10,0.7
5,Mean Rank,20.666666666666668
6,Normalised Similarity,0.9534015984015983
7,Margin of Discrimination,0.04937950937950938
8,Average Confidence,0.8639924427424428
9,MRR,0.5083378556983068
