Index,Metric,Value
1,Recall@1,0.5666666666666667
2,Recall@3,0.8
3,Recall@5,0.8666666666666667
4,Recall@10,0.9333333333333333
5,Mean Rank,8.233333333333333
6,Normalised Similarity,0.9668683855990359
7,Margin of Discrimination,0.05394045567958612
8,Average Confidence,0.7450384909809389
9,MRR,0.690747071858183
