Index,Metric,Value
1,Recall@1,0.06666666666666667
2,Recall@3,0.16666666666666666
3,Recall@5,0.26666666666666666
4,Recall@10,0.4
5,Mean Rank,68.1
6,Normalised Similarity,0.8596321271321271
7,Margin of Discrimination,0.0057264957264957245
8,Average Confidence,0.7028465053465054
9,MRR,0.164603753310649
