Index,Metric,Value
1,Recall@1,0.23333333333333334
2,Recall@3,0.36666666666666664
3,Recall@5,0.5333333333333333
4,Recall@10,0.5666666666666667
5,Mean Rank,27.066666666666666
6,Normalised Similarity,0.9055932955932955
7,Margin of Discrimination,0.01984848484848485
8,Average Confidence,0.7768645243645246
9,MRR,0.35520419992644797
