Index,Metric,Value
1,Recall@1,0.2
2,Recall@3,0.3333333333333333
3,Recall@5,0.36666666666666664
4,Recall@10,0.4666666666666667
5,Mean Rank,43.266666666666666
6,Normalised Similarity,0.9070285592024722
7,Margin of Discrimination,0.010626726398114898
8,Average Confidence,0.629542184716367
9,MRR,0.2905955880834153
