{"0": {"0": 0.19999999999999996, "1": 0.33333333333333337, "2": 0.5333333333333333}, "1": {"0": 0.33333333333333337, "1": 0.33333333333333337, "2": 0.4}}