{"0": {"0": 0.6896551724137931, "1": 0.6206896551724138, "2": 0.5862068965517242}, "1": {"0": 0.6153846153846154, "1": 0.6538461538461539, "2": 0.42307692307692313}}