Index,Metric,Value
1,Recall@1,0.6666666666666666
2,Recall@3,0.7
3,Recall@5,0.7666666666666667
4,Recall@10,0.8
5,Mean Rank,11.933333333333334
6,Normalised Similarity,0.9621486715251016
7,Margin of Discrimination,0.09340997259437807
8,Average Confidence,0.7945491809507156
9,MRR,0.7122410567468707
