{"0": {"0": 0.5238095238095238, "1": 0.47619047619047616, "2": 0.5238095238095238}, "1": {"0": 0.4545454545454546, "1": 0.5, "2": 0.5454545454545454}}