Index,Metric,Value
1,Recall@1,0.0
2,Recall@3,0.0
3,Recall@5,0.0
4,Recall@10,0.03333333333333333
5,Mean Rank,310.6333333333333
6,Normalised Similarity,0.6995700595700597
7,Margin of Discrimination,0.0004166666666666664
8,Average Confidence,0.5365137640137639
9,MRR,0.015882768686033454
