Index,Metric,Value
1,Recall@1,0.26666666666666666
2,Recall@3,0.43333333333333335
3,Recall@5,0.5666666666666667
4,Recall@10,0.6666666666666666
5,Mean Rank,22.6
6,Normalised Similarity,0.924408461908462
7,Margin of Discrimination,0.034060846560846555
8,Average Confidence,0.8040337902837904
9,MRR,0.4022905604637432
