Index,Metric,Value
1,Recall@1,0.03333333333333333
2,Recall@3,0.13333333333333333
3,Recall@5,0.23333333333333334
4,Recall@10,0.26666666666666666
5,Mean Rank,93.6
6,Normalised Similarity,0.837001147001147
7,Margin of Discrimination,0.008888888888888887
8,Average Confidence,0.6660088060088062
9,MRR,0.12040914742419778
