Index,Metric,Value
1,Recall@1,0.4666666666666667
2,Recall@3,0.6333333333333333
3,Recall@5,0.6666666666666666
4,Recall@10,0.7666666666666667
5,Mean Rank,18.8
6,Normalised Similarity,0.9427765752765752
7,Margin of Discrimination,0.061649230399230405
8,Average Confidence,0.8516556591556591
9,MRR,0.5794176853182033
