Index,Metric,Value
1,Recall@1,0.3333333333333333
2,Recall@3,0.43333333333333335
3,Recall@5,0.6
4,Recall@10,0.6333333333333333
5,Mean Rank,28.666666666666668
6,Normalised Similarity,0.911110741110741
7,Margin of Discrimination,0.030085978835978848
8,Average Confidence,0.7926319051319053
9,MRR,0.4312215677675566
