Index,Metric,Value
1,Recall@1,0.6333333333333333
2,Recall@3,0.8
3,Recall@5,0.8666666666666667
4,Recall@10,0.9333333333333333
5,Mean Rank,2.8666666666666667
6,Normalised Similarity,0.9757654329674454
7,Margin of Discrimination,0.07495922578739916
8,Average Confidence,0.7742890629310069
9,MRR,0.7295502645502645
