Index,Metric,Value
1,Recall@1,0.03333333333333333
2,Recall@3,0.03333333333333333
3,Recall@5,0.03333333333333333
4,Recall@10,0.03333333333333333
5,Mean Rank,257.3
6,Normalised Similarity,0.7371164021164021
7,Margin of Discrimination,0.00416666666666667
8,Average Confidence,0.5559723609723608
9,MRR,0.04153898481560183
