Index,Query Length,Stride Length,Margin of Error
1,1.0,1.0,0.1136363636363636
2,2.0,1.0,0.1136363636363636
