Index,Query Length,Stride Length,Recall@3
1,11.0,1.0,1.0
2,12.0,1.0,1.0
3,13.0,1.0,1.0
4,10.0,1.0,0.9666666666666668
5,9.0,1.0,0.8666666666666667
6,8.0,1.0,0.8333333333333334
7,7.0,1.0,0.6333333333333333
8,6.0,1.0,0.4666666666666667
9,5.0,1.0,0.4
