Index,Query Length,Stride Length,Recall@1
1,13.0,1.0,0.9666666666666668
2,12.0,1.0,0.9333333333333332
3,11.0,1.0,0.8333333333333334
4,10.0,1.0,0.7666666666666667
5,9.0,1.0,0.7333333333333333
6,8.0,1.0,0.5333333333333333
7,7.0,1.0,0.4666666666666667
8,6.0,1.0,0.3333333333333333
9,5.0,1.0,0.2333333333333333
