Index,Query Length,Stride Length,Recall@10
1,10.0,1.0,1.0
2,11.0,1.0,1.0
3,12.0,1.0,1.0
4,13.0,1.0,1.0
5,9.0,1.0,0.9666666666666668
6,8.0,1.0,0.9
7,7.0,1.0,0.8
8,6.0,1.0,0.7333333333333333
9,5.0,1.0,0.5
