Index,Query Length,Stride Length,Recall@5
1,11.0,1.0,1.0
2,12.0,1.0,1.0
3,13.0,1.0,1.0
4,10.0,1.0,0.9666666666666668
5,8.0,1.0,0.8666666666666667
6,9.0,1.0,0.8666666666666667
7,7.0,1.0,0.8
8,6.0,1.0,0.6
9,5.0,1.0,0.4333333333333333
