Index,Metric,Value
1,Recall@1,0.1
2,Recall@3,0.13333333333333333
3,Recall@5,0.16666666666666666
4,Recall@10,0.16666666666666666
5,Mean Rank,216.4
6,Normalised Similarity,0.7848785473785476
7,Margin of Discrimination,0.012632275132275127
8,Average Confidence,0.590478317978318
9,MRR,0.1274130015609886
