{"0": {"0": 0.3125, "1": 0.375, "2": 0.4375}, "1": {"0": 0.2666666666666667, "1": 0.33333333333333337, "2": 0.33333333333333337}}