{"0": {"0": 0.4444444444444444, "1": 0.4444444444444444, "2": 0.5}, "1": {"0": 0.375, "1": 0.375, "2": 0.4375}}