Index,Metric,Value
1,Recall@1,0.16666666666666666
2,Recall@3,0.16666666666666666
3,Recall@5,0.16666666666666666
4,Recall@10,0.36666666666666664
5,Mean Rank,78.03333333333333
6,Normalised Similarity,0.8707817182817184
7,Margin of Discrimination,0.007500000000000005
8,Average Confidence,0.7236379823879827
9,MRR,0.20862187250900036
