Index,Metric,Value
1,Recall@1,0.03333333333333333
2,Recall@3,0.13333333333333333
3,Recall@5,0.23333333333333334
4,Recall@10,0.3
5,Mean Rank,93.0
6,Normalised Similarity,0.8389490139490141
7,Margin of Discrimination,0.007765151515151516
8,Average Confidence,0.6873820623820625
9,MRR,0.12788365082048797
