{"0": {"0": 1.0, "1": 0.5862068965517242, "2": 0.48275862068965514, "3": 0.7241379310344828, "4": 0.3793103448275862, "5": 0.5172413793103448, "6": 0.48275862068965514, "7": 0.5517241379310345, "8": 0.6896551724137931}, "1": {"0": 0.56, "1": 1.0, "2": 0.52, "3": 0.64, "4": 0.4, "5": 0.52, "6": 0.56, "7": 0.52, "8": 0.56}, "2": {"0": 0.44999999999999996, "1": 0.4, "2": 1.0, "3": 0.55, "4": 0.35, "5": 0.55, "6": 0.35, "7": 0.7, "8": 0.55}, "3": {"0": 0.6153846153846154, "1": 0.6538461538461539, "2": 0.46153846153846156, "3": 1.0, "4": 0.3076923076923077, "5": 0.42307692307692313, "6": 0.5384615384615384, "7": 0.5384615384615384, "8": 0.6153846153846154}, "4": {"0": 0.3125, "1": 0.4375, "2": 0.3125, "3": 0.3125, "4": 1.0, "5": 0.25, "6": 0.4375, "7": 0.3125, "8": 0.25}, "5": {"0": 0.6086956521739131, "1": 0.5652173913043479, "2": 0.6956521739130435, "3": 0.5652173913043479, "4": 0.4782608695652174, "5": 1.0, "6": 0.3913043478260869, "7": 0.782608695652174, "8": 0.6086956521739131}, "6": {"0": 0.44999999999999996, "1": 0.5, "2": 0.35, "3": 0.4, "4": 0.4, "5": 0.30000000000000004, "6": 1.0, "7": 0.35, "8": 0.44999999999999996}, "7": {"0": 0.5416666666666667, "1": 0.5833333333333333, "2": 0.6666666666666667, "3": 0.5833333333333333, "4": 0.45833333333333337, "5": 0.8333333333333334, "6": 0.41666666666666663, "7": 1.0, "8": 0.5833333333333333}, "8": {"0": 0.6551724137931034, "1": 0.5862068965517242, "2": 0.5172413793103448, "3": 0.7241379310344828, "4": 0.3448275862068966, "5": 0.48275862068965514, "6": 0.3448275862068966, "7": 0.6551724137931034, "8": 1.0}}