{"res_text_modified_processed.json": 810.4215285778046, "res_text_skyline_processed.json": 1245.1652157306671, "res_time_skyline.json": 2516.4743189811707, "res_time_skyline_processed.json": 717.8483548164368, "res_time_modified.json": 1166.9677240848541, "res_time_modified_processed.json": 570.1878082752228, "res_text_modified.json": 7354.48495054245, "res_text_skyline.json": 22897.266335964203}