{"res_time_skyline.json": 2300.3809955120087, "res_time_skyline_processed.json": 589.1995892524719}