Index,Metric,Value
1,Recall@1,0.7666666666666667
2,Recall@3,0.8333333333333334
3,Recall@5,0.8666666666666667
4,Recall@10,0.8666666666666667
5,Mean Rank,3.966666666666667
6,Normalised Similarity,0.9808865530604661
7,Margin of Discrimination,0.1360405036283519
8,Average Confidence,0.7865356162762589
9,MRR,0.8133974358974358
