{"0": {"0": 0.4782608695652174, "1": 0.4347826086956522, "2": 0.4347826086956522, "3": 0.4347826086956522, "4": 0.3913043478260869, "5": 0.5652173913043479, "6": 0.34782608695652173, "7": 0.5217391304347826, "8": 0.4782608695652174, "9": 0.5652173913043479, "10": 0.5652173913043479, "11": 0.5217391304347826, "12": 0.34782608695652173, "13": 0.4347826086956522, "14": 0.4782608695652174, "15": 0.4782608695652174, "16": 0.3913043478260869, "17": 0.3913043478260869, "18": 0.4347826086956522, "19": 0.26086956521739135, "20": 0.4782608695652174, "21": 0.5217391304347826, "22": 0.4782608695652174, "23": 0.4347826086956522, "24": 0.3913043478260869, "25": 0.34782608695652173, "26": 0.4782608695652174, "27": 0.4347826086956522}, "1": {"0": 0.375, "1": 0.5, "2": 0.375, "3": 0.4375, "4": 0.5, "5": 0.3125, "6": 0.5, "7": 0.3125, "8": 0.4375, "9": 0.4375, "10": 0.375, "11": 0.375, "12": 0.375, "13": 0.3125, "14": 0.375, "15": 0.3125, "16": 0.5, "17": 0.5, "18": 0.4375, "19": 0.3125, "20": 0.375, "21": 0.375, "22": 0.4375, "23": 0.4375, "24": 0.5625, "25": 0.5625, "26": 0.3125, "27": 0.4375}, "2": {"0": 0.4782608695652174, "1": 0.5652173913043479, "2": 0.4347826086956522, "3": 0.5652173913043479, "4": 0.4782608695652174, "5": 0.5217391304347826, "6": 0.3913043478260869, "7": 0.4782608695652174, "8": 0.5217391304347826, "9": 0.3913043478260869, "10": 0.6086956521739131, "11": 0.5217391304347826, "12": 0.30434782608695654, "13": 0.4782608695652174, "14": 0.5217391304347826, "15": 0.3913043478260869, "16": 0.4347826086956522, "17": 0.4347826086956522, "18": 0.5217391304347826, "19": 0.30434782608695654, "20": 0.4782608695652174, "21": 0.4347826086956522, "22": 0.4782608695652174, "23": 0.4782608695652174, "24": 0.4347826086956522, "25": 0.3913043478260869, "26": 0.30434782608695654, "27": 0.5217391304347826}, "3": {"0": 0.4782608695652174, "1": 0.5652173913043479, "2": 0.3913043478260869, "3": 0.4782608695652174, "4": 0.4347826086956522, "5": 0.4782608695652174, "6": 0.4347826086956522, "7": 0.4782608695652174, "8": 0.5652173913043479, "9": 0.4347826086956522, "10": 0.4782608695652174, "11": 0.4782608695652174, "12": 0.30434782608695654, "13": 0.3913043478260869, "14": 0.4782608695652174, "15": 0.34782608695652173, "16": 0.4782608695652174, "17": 0.4782608695652174, "18": 0.5217391304347826, "19": 0.3913043478260869, "20": 0.3913043478260869, "21": 0.34782608695652173, "22": 0.5217391304347826, "23": 0.3913043478260869, "24": 0.4782608695652174, "25": 0.34782608695652173, "26": 0.34782608695652173, "27": 0.4782608695652174}, "4": {"0": 0.5384615384615384, "1": 0.5, "2": 0.42307692307692313, "3": 0.5, "4": 0.3846153846153846, "5": 0.46153846153846156, "6": 0.34615384615384615, "7": 0.5384615384615384, "8": 0.5384615384615384, "9": 0.5384615384615384, "10": 0.5384615384615384, "11": 0.5, "12": 0.3076923076923077, "13": 0.5, "14": 0.46153846153846156, "15": 0.5, "16": 0.42307692307692313, "17": 0.42307692307692313, "18": 0.42307692307692313, "19": 0.3076923076923077, "20": 0.5384615384615384, "21": 0.46153846153846156, "22": 0.5384615384615384, "23": 0.5384615384615384, "24": 0.5, "25": 0.3076923076923077, "26": 0.3846153846153846, "27": 0.5}}