Index,Metric,Value
1,Recall@1,0.6666666666666666
2,Recall@3,0.8333333333333334
3,Recall@5,0.9
4,Recall@10,0.9
5,Mean Rank,5.8
6,Normalised Similarity,0.971017316017316
7,Margin of Discrimination,0.08858285233285232
8,Average Confidence,0.9152654752654752
9,MRR,0.765126251307336
