Index,Metric,Value
1,Recall@1,0.8333333333333334
2,Recall@3,0.8333333333333334
3,Recall@5,0.8666666666666667
4,Recall@10,0.8666666666666667
5,Mean Rank,7.666666666666667
6,Normalised Similarity,0.9804232804232805
7,Margin of Discrimination,0.09507973507973508
8,Average Confidence,0.9592929292929294
9,MRR,0.8462518302925773
