Index,Metric,Value
1,Recall@1,0.4
2,Recall@3,0.4666666666666667
3,Recall@5,0.5333333333333333
4,Recall@10,0.6333333333333333
5,Mean Rank,10.6
6,Normalised Similarity,0.93650451887294
7,Margin of Discrimination,0.06516864990650156
8,Average Confidence,0.6962658687019412
9,MRR,0.4739856827715692
