Index,Metric,Value
1,Recall@1,0.0
2,Recall@3,0.0
3,Recall@5,0.0
4,Recall@10,0.03333333333333333
5,Mean Rank,319.73333333333335
6,Normalised Similarity,0.7064838864838866
7,Margin of Discrimination,0.0
8,Average Confidence,0.5454530654530654
9,MRR,0.012474687677152058
