{"0": {"0": 0.5, "1": 0.5833333333333333, "2": 0.41666666666666663}, "1": {"0": 0.19999999999999996, "1": 0.33333333333333337, "2": 0.4666666666666667}}