Index,Metric,Value
1,Recall@1,0.9666666666666667
2,Recall@3,0.9666666666666667
3,Recall@5,0.9666666666666667
4,Recall@10,1.0
5,Mean Rank,1.2333333333333334
6,Normalised Similarity,0.9952380952380953
7,Margin of Discrimination,0.16393898204233828
8,Average Confidence,0.8589865326547472
9,MRR,0.9708333333333333
