Index,Metric,Value
1,Recall@1,0.7666666666666667
2,Recall@3,0.8666666666666667
3,Recall@5,0.9
4,Recall@10,0.9666666666666667
5,Mean Rank,2.2666666666666666
6,Normalised Similarity,0.9779451757392934
7,Margin of Discrimination,0.12890191954712749
8,Average Confidence,0.8090156090828571
9,MRR,0.8295004668534081
